,model,phase,start_time,end_time,total_time
0,model_1_768_adam_bert_t1,train,1604606628.9835596,1604606638.9612927,9.977733135223389
1,model_1_768_adadelta_bert_t1,train,1604606643.219107,1604606649.2058156,5.986708641052246
2,model_1_768_adam_bert_t2,train,1604606657.1310208,1604606663.2408216,6.109800815582275
3,model_1_768_adadelta_bert_t2,train,1604606667.939476,1604606673.980271,6.040795087814331
4,model_1_768_adam_xlnet_t1,train,1604606682.1882973,1604606688.4103138,6.2220165729522705
5,model_1_768_adadelta_xlnet_t1,train,1604606692.6241808,1604606699.6814184,7.05723762512207
6,model_1_768_adam_xlnet_t2,train,1604606708.8473613,1604606715.3860247,6.538663387298584
7,model_1_768_adadelta_xlnet_t2,train,1604606720.915861,1604606727.124395,6.208534002304077
