,model,phase,start_time,end_time,total_time
0,model_1_768_adam_bert_t1,train,1603637056,1603637145,88.53673124
1,model_1_768_adam_bert_t1,test,1603637145,1603637153,8.006939888
2,model_1_768_adam_bert_t2,train,1603637154,1603637242,87.32740045
3,model_1_768_adam_bert_t2,test,1603637242,1603637250,8.018492222
4,model_1_768_adam_xlnet_t1,train,1603637251,1603637342,90.26802135
5,model_1_768_adam_xlnet_t1,test,1603637342,1603637349,7.782138824
6,model_1_768_adam_xlnet_t2,train,1603637351,1603637444,92.98387742
7,model_1_768_adam_xlnet_t2,test,1603637444,1603637452,7.832915068
