,model,phase,start_time,end_time,total_time
0,model_4_192_adam_bert_t1,train,1603638757,1603638847,89.96062756
1,model_4_192_adam_bert_t1,test,1603638847,1603638854,7.442412376
2,model_4_192_adam_bert_t2,train,1603638856,1603638945,89.12597799
3,model_4_192_adam_bert_t2,test,1603638945,1603638952,7.363024712
4,model_4_192_adam_xlnet_t1,train,1603638954,1603639043,89.45980477
5,model_4_192_adam_xlnet_t1,test,1603639043,1603639051,7.396281719
6,model_4_192_adam_xlnet_t2,train,1603639053,1603639144,91.66210556
7,model_4_192_adam_xlnet_t2,test,1603639144,1603639152,7.53088665
