model,threshold,hamming_loss,term_wise_accuracy,accuracy,micro_precision,micro_recall,micro_f1,macro_precision,macro_recall,macro_f1
model_3_256_adadelta_xlnet_t1,0.1,0.042566932274700126,0.9574330677252999,0.023937963587322995,0.6686046511627907,0.01274661937486145,0.025016314988035675,0.04006641657494141,0.004381676499925239,0.007626456055186241
model_3_256_adadelta_xlnet_t1,0.2,0.04282810823131642,0.9571718917686836,0.0006743088334457181,1.0,0.00033252050543116827,0.000664819944598338,0.028169014084507043,0.0002732773599580932,0.0005378023836601388
model_3_256_adadelta_xlnet_t1,0.3,0.042842354192586404,0.9571576458074136,0.0,0.0,0.0,0.0,0.0,0.0,0.0
model_3_256_adadelta_xlnet_t1,0.4,0.042842354192586404,0.9571576458074136,0.0,0.0,0.0,0.0,0.0,0.0,0.0
model_3_256_adadelta_xlnet_t1,0.5,0.042842354192586404,0.9571576458074136,0.0,0.0,0.0,0.0,0.0,0.0,0.0
model_3_256_adadelta_xlnet_t1,0.6,0.042842354192586404,0.9571576458074136,0.0,0.0,0.0,0.0,0.0,0.0,0.0
model_3_256_adadelta_xlnet_t1,0.7,0.042842354192586404,0.9571576458074136,0.0,0.0,0.0,0.0,0.0,0.0,0.0
model_3_256_adadelta_xlnet_t1,0.8,0.042842354192586404,0.9571576458074136,0.0,0.0,0.0,0.0,0.0,0.0,0.0
model_3_256_adadelta_xlnet_t1,0.9,0.042842354192586404,0.9571576458074136,0.0,0.0,0.0,0.0,0.0,0.0,0.0
