model,threshold,hamming_loss,term_wise_accuracy,accuracy,micro_precision,micro_recall,micro_f1,macro_precision,macro_recall,macro_f1
model_4_192_adam_xlnet_t1,0.1,0.2853466042376986,0.7146533957623014,0.0,0.10868632379084166,0.7860784748392817,0.19096857581387836,0.03367745244223262,0.30985915492957744,0.057085469640116675
model_4_192_adam_xlnet_t1,0.2,0.15706647165528573,0.8429335283447142,0.0,0.1620869858395145,0.6394369319441365,0.25861837091495943,0.027394983522171467,0.16901408450704225,0.04508092981893939
model_4_192_adam_xlnet_t1,0.3,0.1073670614380823,0.8926329385619177,0.0,0.21367161159811193,0.5619596541786743,0.309618320610687,0.024075674546266135,0.11267605633802817,0.03882633481481366
model_4_192_adam_xlnet_t1,0.4,0.09703399086359017,0.9029660091364098,0.0,0.22517098545419517,0.5181777876302373,0.31392694063926946,0.02219995631238544,0.09859154929577464,0.035515784215771624
model_4_192_adam_xlnet_t1,0.5,0.0779349054543037,0.9220650945456963,0.0,0.25084288604180716,0.4123254267346486,0.31192352842528925,0.01766499197477515,0.07042253521126761,0.027752673767969843
model_4_192_adam_xlnet_t1,0.6,0.059814042718889196,0.9401859572811108,0.0033715441672285905,0.2991683524387503,0.2950565284859233,0.2970982142857143,0.012640916300228885,0.04225352112676056,0.019227295903604023
model_4_192_adam_xlnet_t1,0.7,0.05138993095457438,0.9486100690454257,0.01786918408631153,0.3482805124747134,0.22899578807359788,0.2763140296910526,0.009810718661259533,0.028169014084507043,0.014514007752462471
model_4_192_adam_xlnet_t1,0.8,0.05138993095457438,0.9486100690454257,0.01786918408631153,0.3482805124747134,0.22899578807359788,0.2763140296910526,0.009810718661259533,0.028169014084507043,0.014514007752462471
model_4_192_adam_xlnet_t1,0.9,0.05138993095457438,0.9486100690454257,0.01786918408631153,0.3482805124747134,0.22899578807359788,0.2763140296910526,0.009810718661259533,0.028169014084507043,0.014514007752462471
