model,threshold,hamming_loss,term_wise_accuracy,accuracy,micro_precision,micro_recall,micro_f1,macro_precision,macro_recall,macro_f1
model_3_256_adam_xlnet_t1,0.1,0.2989419999430162,0.7010580000569838,0.0,0.10385050463500271,0.7835291509643094,0.18339365165842966,0.03462836900661041,0.32209322663647466,0.05859022394126059
model_3_256_adam_xlnet_t1,0.2,0.14854263816208105,0.851457361837919,0.0,0.16958109432057714,0.6331190423409444,0.2675096592904812,0.027699189466783663,0.16008154188287618,0.04548071216334493
model_3_256_adam_xlnet_t1,0.3,0.1073670614380823,0.8926329385619177,0.0,0.21367161159811193,0.5619596541786743,0.309618320610687,0.024075674546266135,0.11267605633802817,0.03882633481481366
model_3_256_adam_xlnet_t1,0.4,0.1073670614380823,0.8926329385619177,0.0,0.21367161159811193,0.5619596541786743,0.309618320610687,0.024075674546266135,0.11267605633802817,0.03882633481481366
model_3_256_adam_xlnet_t1,0.5,0.10674973644971651,0.8932502635502835,0.0,0.2141461342395922,0.5587452892928397,0.3096247159265402,0.024052513397395996,0.11160802261559466,0.03876145398622047
model_3_256_adam_xlnet_t1,0.6,0.05990901579402239,0.9400909842059776,0.0020229265003371545,0.2980898876404494,0.2940589669696298,0.2960607075103225,0.012598178416418946,0.04225352112676056,0.019167880892796176
model_3_256_adam_xlnet_t1,0.7,0.05138993095457438,0.9486100690454257,0.01786918408631153,0.3482805124747134,0.22899578807359788,0.2763140296910526,0.009810718661259533,0.028169014084507043,0.014514007752462471
model_3_256_adam_xlnet_t1,0.8,0.05138993095457438,0.9486100690454257,0.01786918408631153,0.3482805124747134,0.22899578807359788,0.2763140296910526,0.009810718661259533,0.028169014084507043,0.014514007752462471
model_3_256_adam_xlnet_t1,0.9,0.05138993095457438,0.9486100690454257,0.01786918408631153,0.3482805124747134,0.22899578807359788,0.2763140296910526,0.009810718661259533,0.028169014084507043,0.014514007752462471
