model,threshold,hamming_loss,term_wise_accuracy,accuracy,micro_precision,micro_recall,micro_f1,macro_precision,macro_recall,macro_f1
model_6_128_adam_bert_t2,0.1,0.351191437227546,0.648808562772454,0.0,0.09457805749107165,0.8395034360452228,0.17000359130903214,0.03596630355294274,0.38028169014084506,0.06151437933464353
model_6_128_adam_bert_t2,0.2,0.18311758616432242,0.8168824138356776,0.0,0.14430209035738367,0.66415428951452,0.2370909666442448,0.028453933309906643,0.19718309859154928,0.04712382063514068
model_6_128_adam_bert_t2,0.3,0.1073670614380823,0.8926329385619177,0.0,0.21367161159811193,0.5619596541786743,0.309618320610687,0.024075674546266135,0.11267605633802817,0.03882633481481366
model_6_128_adam_bert_t2,0.4,0.09677756356073053,0.9032224364392695,0.0,0.2264714382044119,0.5211704721791177,0.31573999462798813,0.02232816996381526,0.09859154929577464,0.035717097507345585
model_6_128_adam_bert_t2,0.5,0.08750819142773024,0.9124918085722697,0.0,0.23572712969206563,0.4649745067612503,0.31284957864121116,0.019920602509188645,0.08450704225352113,0.031604891880842534
model_6_128_adam_bert_t2,0.6,0.06832363025082389,0.9316763697491761,0.0006743088334457181,0.2738536749831423,0.3601197073819552,0.31111749497270896,0.015428376055388297,0.056338028169014086,0.023881169043937722
model_6_128_adam_bert_t2,0.7,0.059814042718889196,0.9401859572811108,0.0033715441672285905,0.2991683524387503,0.2950565284859233,0.2970982142857143,0.012640916300228885,0.04225352112676056,0.019227295903604023
model_6_128_adam_bert_t2,0.8,0.059814042718889196,0.9401859572811108,0.0033715441672285905,0.2991683524387503,0.2950565284859233,0.2970982142857143,0.012640916300228885,0.04225352112676056,0.019227295903604023
model_6_128_adam_bert_t2,0.9,0.059814042718889196,0.9401859572811108,0.0033715441672285905,0.2991683524387503,0.2950565284859233,0.2970982142857143,0.012640916300228885,0.04225352112676056,0.019227295903604023
