model,threshold,hamming_loss,term_wise_accuracy,accuracy,micro_precision,micro_recall,micro_f1,macro_precision,macro_recall,macro_f1
model_4_192_adam_xlnet_t2,0.1,0.2858499615359046,0.7141500384640954,0.0,0.10787408815055477,0.7802039459099978,0.18954142768667365,0.03342577379312965,0.30985915492957744,0.05661643572796371
model_4_192_adam_xlnet_t2,0.2,0.11928618236729888,0.8807138176327012,0.0,0.19847156664418972,0.5872312125914432,0.29667375965953635,0.02515836760278461,0.1267605633802817,0.04083714734182293
model_4_192_adam_xlnet_t2,0.3,0.11928618236729888,0.8807138176327012,0.0,0.19847156664418972,0.5872312125914432,0.29667375965953635,0.02515836760278461,0.1267605633802817,0.04083714734182293
model_4_192_adam_xlnet_t2,0.4,0.09677756356073053,0.9032224364392695,0.0,0.2264714382044119,0.5211704721791177,0.31573999462798813,0.02232816996381526,0.09859154929577464,0.035717097507345585
model_4_192_adam_xlnet_t2,0.5,0.0771751208532381,0.9228248791467619,0.00033715441672285906,0.25623735670937287,0.4211926402128131,0.3186315612946503,0.01804488427530795,0.07042253521126761,0.028294341281800497
model_4_192_adam_xlnet_t2,0.6,0.06832363025082389,0.9316763697491761,0.0006743088334457181,0.2738536749831423,0.3601197073819552,0.31111749497270896,0.015428376055388297,0.056338028169014086,0.023881169043937722
model_4_192_adam_xlnet_t2,0.7,0.05138993095457438,0.9486100690454257,0.01786918408631153,0.3482805124747134,0.22899578807359788,0.2763140296910526,0.009810718661259533,0.028169014084507043,0.014514007752462471
model_4_192_adam_xlnet_t2,0.8,0.05138993095457438,0.9486100690454257,0.01786918408631153,0.3482805124747134,0.22899578807359788,0.2763140296910526,0.009810718661259533,0.028169014084507043,0.014514007752462471
model_4_192_adam_xlnet_t2,0.9,0.05138993095457438,0.9486100690454257,0.01786918408631153,0.3482805124747134,0.22899578807359788,0.2763140296910526,0.009810718661259533,0.028169014084507043,0.014514007752462471
