model,threshold,hamming_loss,term_wise_accuracy,accuracy,micro_precision,micro_recall,micro_f1,macro_precision,macro_recall,macro_f1
model_2_384_adam_xlnet_t1,0.1,0.2995260843550853,0.7004739156449147,0.0,0.10381424257527339,0.7849700731545112,0.1833764888658726,0.03362996590466603,0.323943661971831,0.057022369017005525
model_2_384_adam_xlnet_t1,0.2,0.1315662009820216,0.8684337990179785,0.0,0.18503034389750506,0.6082908446020838,0.28374954759319576,0.026060611816550013,0.14084507042253522,0.042533000534489704
model_2_384_adam_xlnet_t1,0.3,0.1073670614380823,0.8926329385619177,0.0,0.21367161159811193,0.5619596541786743,0.309618320610687,0.024075674546266135,0.11267605633802817,0.03882633481481366
model_2_384_adam_xlnet_t1,0.4,0.08644449298623841,0.9135555070137616,0.0,0.24202067880422568,0.4773886056306806,0.32120217764188236,0.020452451729934564,0.08450704225352113,0.032406546908303545
model_2_384_adam_xlnet_t1,0.5,0.06875100908892329,0.9312489909110767,0.0,0.27006068779501013,0.3551318998004877,0.30680838839413965,0.0152146866363386,0.056338028169014086,0.02358105313065895
model_2_384_adam_xlnet_t1,0.6,0.06875100908892329,0.9312489909110767,0.0,0.27006068779501013,0.3551318998004877,0.30680838839413965,0.0152146866363386,0.056338028169014086,0.02358105313065895
model_2_384_adam_xlnet_t1,0.7,0.05138993095457438,0.9486100690454257,0.01786918408631153,0.3482805124747134,0.22899578807359788,0.2763140296910526,0.009810718661259533,0.028169014084507043,0.014514007752462471
model_2_384_adam_xlnet_t1,0.8,0.05138993095457438,0.9486100690454257,0.01786918408631153,0.3482805124747134,0.22899578807359788,0.2763140296910526,0.009810718661259533,0.028169014084507043,0.014514007752462471
model_2_384_adam_xlnet_t1,0.9,0.05138993095457438,0.9486100690454257,0.01786918408631153,0.3482805124747134,0.22899578807359788,0.2763140296910526,0.009810718661259533,0.028169014084507043,0.014514007752462471
