model,threshold,hamming_loss,term_wise_accuracy,accuracy,micro_precision,micro_recall,micro_f1,macro_precision,macro_recall,macro_f1
model_1_768_adam_xlnet_t1,0.1,0.24637915151054676,0.7536208484894532,0.0,0.11970756290591618,0.7477277765462204,0.20637542829172784,0.032034418242428274,0.2676056338028169,0.053924162725380156
model_1_768_adam_xlnet_t1,0.2,0.1073670614380823,0.8926329385619177,0.0,0.21367161159811193,0.5619596541786743,0.309618320610687,0.024075674546266135,0.11267605633802817,0.03882633481481366
model_1_768_adam_xlnet_t1,0.3,0.09677756356073053,0.9032224364392695,0.0,0.2264714382044119,0.5211704721791177,0.31573999462798813,0.02232816996381526,0.09859154929577464,0.035717097507345585
model_1_768_adam_xlnet_t1,0.4,0.08644449298623841,0.9135555070137616,0.0,0.24202067880422568,0.4773886056306806,0.32120217764188236,0.020452451729934564,0.08450704225352113,0.032406546908303545
model_1_768_adam_xlnet_t1,0.5,0.06832363025082389,0.9316763697491761,0.0006743088334457181,0.2738536749831423,0.3601197073819552,0.31111749497270896,0.015428376055388297,0.056338028169014086,0.023881169043937722
model_1_768_adam_xlnet_t1,0.6,0.05138993095457438,0.9486100690454257,0.01786918408631153,0.3482805124747134,0.22899578807359788,0.2763140296910526,0.009810718661259533,0.028169014084507043,0.014514007752462471
model_1_768_adam_xlnet_t1,0.7,0.05138993095457438,0.9486100690454257,0.01786918408631153,0.3482805124747134,0.22899578807359788,0.2763140296910526,0.009810718661259533,0.028169014084507043,0.014514007752462471
model_1_768_adam_xlnet_t1,0.8,0.04595747105695535,0.9540425289430446,0.06641942009440324,0.38941335131490223,0.1280203945909998,0.1926926926926927,0.005484695088942285,0.014084507042253521,0.007894979681534974
model_1_768_adam_xlnet_t1,0.9,0.04595747105695535,0.9540425289430446,0.06641942009440324,0.38941335131490223,0.1280203945909998,0.1926926926926927,0.005484695088942285,0.014084507042253521,0.007894979681534974
