model,threshold,hamming_loss,term_wise_accuracy,accuracy,micro_precision,micro_recall,micro_f1,macro_precision,macro_recall,macro_f1
model_4_192_adam_bert_t2,0.1,0.32531127425374906,0.6746887257462509,0.0,0.09889413351314902,0.8127909554422523,0.1763333814264416,0.03482187799758768,0.352112676056338,0.05931918529889146
model_4_192_adam_bert_t2,0.2,0.18266171540368306,0.817338284596317,0.0,0.14545804835757634,0.6694746176014188,0.23899022672417203,0.028681868690226323,0.19718309859154928,0.047539836608301654
model_4_192_adam_bert_t2,0.3,0.1073670614380823,0.8926329385619177,0.0,0.21367161159811193,0.5619596541786743,0.309618320610687,0.024075674546266135,0.11267605633802817,0.03882633481481366
model_4_192_adam_bert_t2,0.4,0.1073670614380823,0.8926329385619177,0.0,0.21367161159811193,0.5619596541786743,0.309618320610687,0.024075674546266135,0.11267605633802817,0.03882633481481366
model_4_192_adam_bert_t2,0.5,0.08644449298623841,0.9135555070137616,0.0,0.24202067880422568,0.4773886056306806,0.32120217764188236,0.020452451729934564,0.08450704225352113,0.032406546908303545
model_4_192_adam_bert_t2,0.6,0.07759300238382419,0.9224069976161758,0.0,0.2532703978422117,0.4163156727998227,0.31494214321650177,0.01783594351001491,0.07042253521126761,0.027993374670440767
model_4_192_adam_bert_t2,0.7,0.06832363025082389,0.9316763697491761,0.0006743088334457181,0.2738536749831423,0.3601197073819552,0.31111749497270896,0.015428376055388297,0.056338028169014086,0.023881169043937722
model_4_192_adam_bert_t2,0.8,0.059899518486509075,0.9401004815134909,0.0020229265003371545,0.2981568891885817,0.2940589669696298,0.29609375,0.012598178416418946,0.04225352112676056,0.019167880892796176
model_4_192_adam_bert_t2,0.9,0.059899518486509075,0.9401004815134909,0.0020229265003371545,0.2981568891885817,0.2940589669696298,0.29609375,0.012598178416418946,0.04225352112676056,0.019167880892796176
