model,threshold,hamming_loss,term_wise_accuracy,accuracy,micro_precision,micro_recall,micro_f1,macro_precision,macro_recall,macro_f1
model_3_256_adam_bert_t1,0.1,0.28527062577759205,0.7147293742224079,0.0,0.1088089253969227,0.7869651961870983,0.19118399439911682,0.033715441672285906,0.30985915492957744,0.057157593039002995
model_3_256_adam_bert_t1,0.2,0.11928618236729888,0.8807138176327012,0.0,0.19847156664418972,0.5872312125914432,0.29667375965953635,0.02515836760278461,0.1267605633802817,0.04083714734182293
model_3_256_adam_bert_t1,0.3,0.1073670614380823,0.8926329385619177,0.0,0.21367161159811193,0.5619596541786743,0.309618320610687,0.024075674546266135,0.11267605633802817,0.03882633481481366
model_3_256_adam_bert_t1,0.4,0.08644449298623841,0.9135555070137616,0.0,0.24202067880422568,0.4773886056306806,0.32120217764188236,0.020452451729934564,0.08450704225352113,0.032406546908303545
model_3_256_adam_bert_t1,0.5,0.08644449298623841,0.9135555070137616,0.0,0.24202067880422568,0.4773886056306806,0.32120217764188236,0.020452451729934564,0.08450704225352113,0.032406546908303545
model_3_256_adam_bert_t1,0.6,0.06866553332130342,0.9313344666786966,0.00033715441672285906,0.27081928523263654,0.3561294613167812,0.30767020970985354,0.015257424520148537,0.056338028169014086,0.023640468141466794
model_3_256_adam_bert_t1,0.7,0.05138993095457438,0.9486100690454257,0.01786918408631153,0.3482805124747134,0.22899578807359788,0.2763140296910526,0.009810718661259533,0.028169014084507043,0.014514007752462471
model_3_256_adam_bert_t1,0.8,0.05138993095457438,0.9486100690454257,0.01786918408631153,0.3482805124747134,0.22899578807359788,0.2763140296910526,0.009810718661259533,0.028169014084507043,0.014514007752462471
model_3_256_adam_bert_t1,0.9,0.05138993095457438,0.9486100690454257,0.01786918408631153,0.3482805124747134,0.22899578807359788,0.2763140296910526,0.009810718661259533,0.028169014084507043,0.014514007752462471
