model,threshold,hamming_loss,term_wise_accuracy,accuracy,micro_precision,micro_recall,micro_f1,macro_precision,macro_recall,macro_f1
model_1_768_adam_bert_t1,0.1,0.20721225532561519,0.7927877446743848,0.0,0.1353042818610924,0.7117047217911772,0.22738057296646486,0.030491105771513777,0.22535211267605634,0.05094944732818661
model_1_768_adam_bert_t1,0.2,0.1073670614380823,0.8926329385619177,0.0,0.21367161159811193,0.5619596541786743,0.309618320610687,0.024075674546266135,0.11267605633802817,0.03882633481481366
model_1_768_adam_bert_t1,0.3,0.1073670614380823,0.8926329385619177,0.0,0.21367161159811193,0.5619596541786743,0.309618320610687,0.024075674546266135,0.11267605633802817,0.03882633481481366
model_1_768_adam_bert_t1,0.4,0.08644449298623841,0.9135555070137616,0.0,0.24202067880422568,0.4773886056306806,0.32120217764188236,0.020452451729934564,0.08450704225352113,0.032406546908303545
model_1_768_adam_bert_t1,0.5,0.05138993095457438,0.9486100690454257,0.01786918408631153,0.3482805124747134,0.22899578807359788,0.2763140296910526,0.009810718661259533,0.028169014084507043,0.014514007752462471
model_1_768_adam_bert_t1,0.6,0.05138993095457438,0.9486100690454257,0.01786918408631153,0.3482805124747134,0.22899578807359788,0.2763140296910526,0.009810718661259533,0.028169014084507043,0.014514007752462471
model_1_768_adam_bert_t1,0.7,0.05138993095457438,0.9486100690454257,0.01786918408631153,0.3482805124747134,0.22899578807359788,0.2763140296910526,0.009810718661259533,0.028169014084507043,0.014514007752462471
model_1_768_adam_bert_t1,0.8,0.04595747105695535,0.9540425289430446,0.06641942009440324,0.38941335131490223,0.1280203945909998,0.1926926926926927,0.005484695088942285,0.014084507042253521,0.007894979681534974
model_1_768_adam_bert_t1,0.9,0.04595747105695535,0.9540425289430446,0.06641942009440324,0.38941335131490223,0.1280203945909998,0.1926926926926927,0.005484695088942285,0.014084507042253521,0.007894979681534974
