model,threshold,hamming_loss,term_wise_accuracy,accuracy,micro_precision,micro_recall,micro_f1,macro_precision,macro_recall,macro_f1
model_2_384_adam_bert_t2,0.1,0.31260387680092694,0.6873961231990731,0.0,0.10097774780849629,0.7967191310130791,0.1792384609630202,0.03413332320287199,0.3380281690140845,0.05799592427559257
model_2_384_adam_bert_t2,0.2,0.11964708005280503,0.880352919947195,0.0,0.19704802577358208,0.583019286189315,0.2945458617986337,0.024977918760031532,0.1267605633802817,0.040522188007480434
model_2_384_adam_bert_t2,0.3,0.1073670614380823,0.8926329385619177,0.0,0.21367161159811193,0.5619596541786743,0.309618320610687,0.024075674546266135,0.11267605633802817,0.03882633481481366
model_2_384_adam_bert_t2,0.4,0.08644449298623841,0.9135555070137616,0.0,0.24202067880422568,0.4773886056306806,0.32120217764188236,0.020452451729934564,0.08450704225352113,0.032406546908303545
model_2_384_adam_bert_t2,0.5,0.08644449298623841,0.9135555070137616,0.0,0.24202067880422568,0.4773886056306806,0.32120217764188236,0.020452451729934564,0.08450704225352113,0.032406546908303545
model_2_384_adam_bert_t2,0.6,0.06832363025082389,0.9316763697491761,0.0006743088334457181,0.2738536749831423,0.3601197073819552,0.31111749497270896,0.015428376055388297,0.056338028169014086,0.023881169043937722
model_2_384_adam_bert_t2,0.7,0.059899518486509075,0.9401004815134909,0.0020229265003371545,0.2981568891885817,0.2940589669696298,0.29609375,0.012598178416418946,0.04225352112676056,0.019167880892796176
model_2_384_adam_bert_t2,0.8,0.05138993095457438,0.9486100690454257,0.01786918408631153,0.3482805124747134,0.22899578807359788,0.2763140296910526,0.009810718661259533,0.028169014084507043,0.014514007752462471
model_2_384_adam_bert_t2,0.9,0.05138993095457438,0.9486100690454257,0.01786918408631153,0.3482805124747134,0.22899578807359788,0.2763140296910526,0.009810718661259533,0.028169014084507043,0.014514007752462471
