model,threshold,hamming_loss,term_wise_accuracy,accuracy,micro_precision,micro_recall,micro_f1,macro_precision,macro_recall,macro_f1
model_6_128_adam_xlnet_t2,0.1,0.3379047040164114,0.6620952959835886,0.0,0.09712640697131594,0.8301928618931501,0.1739069864635817,0.0355674166373833,0.36619718309859156,0.060739958537239465
model_6_128_adam_xlnet_t2,0.2,0.18265221809616974,0.8173477819038303,0.0,0.14548213081591369,0.6695854577698959,0.23902979464250385,0.02868661734398298,0.19718309859154928,0.04754072457905135
model_6_128_adam_xlnet_t2,0.3,0.13267738596108003,0.86732261403892,0.0,0.18108563722184762,0.5953225448902683,0.2777002223256295,0.025505019327020793,0.14084507042253522,0.04154442245974181
model_6_128_adam_xlnet_t2,0.4,0.1073670614380823,0.8926329385619177,0.0,0.21367161159811193,0.5619596541786743,0.309618320610687,0.024075674546266135,0.11267605633802817,0.03882633481481366
model_6_128_adam_xlnet_t2,0.5,0.09703399086359017,0.9029660091364098,0.0,0.22517098545419517,0.5181777876302373,0.31392694063926946,0.02219995631238544,0.09859154929577464,0.035515784215771624
model_6_128_adam_xlnet_t2,0.6,0.08644449298623841,0.9135555070137616,0.0,0.24202067880422568,0.4773886056306806,0.32120217764188236,0.020452451729934564,0.08450704225352113,0.032406546908303545
model_6_128_adam_xlnet_t2,0.7,0.08644449298623841,0.9135555070137616,0.0,0.24202067880422568,0.4773886056306806,0.32120217764188236,0.020452451729934564,0.08450704225352113,0.032406546908303545
model_6_128_adam_xlnet_t2,0.8,0.07802038122192359,0.9219796187780764,0.0,0.250236008091706,0.4113278652183551,0.31116887472748617,0.01762225409096521,0.07042253521126761,0.027693258757161998
model_6_128_adam_xlnet_t2,0.9,0.06875100908892329,0.9312489909110767,0.0,0.27006068779501013,0.3551318998004877,0.30680838839413965,0.0152146866363386,0.056338028169014086,0.02358105313065895
