model,threshold,hamming_loss,term_wise_accuracy,accuracy,micro_precision,micro_recall,micro_f1,macro_precision,macro_recall,macro_f1
model_2_384_adam_xlnet_t2,0.1,0.28116304027808114,0.7188369597219189,0.0,0.10928766056831452,0.7779871425404566,0.1916529004600871,0.034150413836946884,0.309153916786868,0.05791333731914594
model_2_384_adam_xlnet_t2,0.2,0.12872650603553892,0.8712734939644611,0.0,0.1878710479083253,0.6033030370206163,0.286518924040638,0.026641718843906124,0.13773040721106827,0.04309920633181112
model_2_384_adam_xlnet_t2,0.3,0.1073670614380823,0.8926329385619177,0.0,0.21367161159811193,0.5619596541786743,0.309618320610687,0.024075674546266135,0.11267605633802817,0.03882633481481366
model_2_384_adam_xlnet_t2,0.4,0.0919149421139107,0.9080850578860893,0.0,0.23252924733409255,0.49789403679893596,0.31700776287932253,0.022454692662026966,0.09303666828557552,0.035621493382783316
model_2_384_adam_xlnet_t2,0.5,0.06510879165756508,0.9348912083424349,0.0013486176668914363,0.2809901914992994,0.3334072267789847,0.3049627414203883,0.0181353781329247,0.05129822526224687,0.02602515843183829
model_2_384_adam_xlnet_t2,0.6,0.059899518486509075,0.9401004815134909,0.0020229265003371545,0.2981568891885817,0.2940589669696298,0.29609375,0.012598178416418946,0.04225352112676056,0.019167880892796176
model_2_384_adam_xlnet_t2,0.7,0.053897220138090854,0.9461027798619092,0.011800404585300068,0.3298245614035088,0.25005542008423853,0.2844534106670029,0.012757917271422716,0.03272788348489575,0.018094016231429925
model_2_384_adam_xlnet_t2,0.8,0.05138993095457438,0.9486100690454257,0.01786918408631153,0.3482805124747134,0.22899578807359788,0.2763140296910526,0.009810718661259533,0.028169014084507043,0.014514007752462471
model_2_384_adam_xlnet_t2,0.9,0.05138993095457438,0.9486100690454257,0.01786918408631153,0.3482805124747134,0.22899578807359788,0.2763140296910526,0.009810718661259533,0.028169014084507043,0.014514007752462471
