model,threshold,hamming_loss,term_wise_accuracy,accuracy,micro_precision,micro_recall,micro_f1,macro_precision,macro_recall,macro_f1
model_6_128_adam_xlnet_t1,0.1,0.24636965420303344,0.7536303457969665,0.0,0.11972530787521737,0.7478386167146974,0.20640602055800292,0.03203916689618493,0.2676056338028169,0.053938986844062904
model_6_128_adam_xlnet_t1,0.2,0.11994149658571795,0.880058503414282,0.0,0.19588671611598113,0.5795832409665262,0.2928099451226341,0.024830710493575072,0.1267605633802817,0.04025957425143338
model_6_128_adam_xlnet_t1,0.3,0.1073670614380823,0.8926329385619177,0.0,0.21367161159811193,0.5619596541786743,0.309618320610687,0.024075674546266135,0.11267605633802817,0.03882633481481366
model_6_128_adam_xlnet_t1,0.4,0.09677756356073053,0.9032224364392695,0.0,0.2264714382044119,0.5211704721791177,0.31573999462798813,0.02232816996381526,0.09859154929577464,0.035717097507345585
model_6_128_adam_xlnet_t1,0.5,0.059899518486509075,0.9401004815134909,0.0020229265003371545,0.2981568891885817,0.2940589669696298,0.29609375,0.012598178416418946,0.04225352112676056,0.019167880892796176
model_6_128_adam_xlnet_t1,0.6,0.05138993095457438,0.9486100690454257,0.01786918408631153,0.3482805124747134,0.22899578807359788,0.2763140296910526,0.009810718661259533,0.028169014084507043,0.014514007752462471
model_6_128_adam_xlnet_t1,0.7,0.05138993095457438,0.9486100690454257,0.01786918408631153,0.3482805124747134,0.22899578807359788,0.2763140296910526,0.009810718661259533,0.028169014084507043,0.014514007752462471
model_6_128_adam_xlnet_t1,0.8,0.05138993095457438,0.9486100690454257,0.01786918408631153,0.3482805124747134,0.22899578807359788,0.2763140296910526,0.009810718661259533,0.028169014084507043,0.014514007752462471
model_6_128_adam_xlnet_t1,0.9,0.05138993095457438,0.9486100690454257,0.01786918408631153,0.3482805124747134,0.22899578807359788,0.2763140296910526,0.009810718661259533,0.028169014084507043,0.014514007752462471
