model,threshold,hamming_loss,term_wise_accuracy,accuracy,micro_precision,micro_recall,micro_f1,macro_precision,macro_recall,macro_f1
model_3_256_adam_bert_t2,0.1,0.25983683625692117,0.7401631637430789,0.0,0.1148347943358058,0.7550432276657061,0.199350326300079,0.03234782939036784,0.28169014084507044,0.054552520648312154
model_3_256_adam_bert_t2,0.2,0.13173715251726137,0.8682628474827386,0.0,0.18442346594740391,0.6062957215694967,0.2828188821674164,0.025975136048930127,0.14084507042253522,0.04238114683912542
model_3_256_adam_bert_t2,0.3,0.1073670614380823,0.8926329385619177,0.0,0.21367161159811193,0.5619596541786743,0.309618320610687,0.024075674546266135,0.11267605633802817,0.03882633481481366
model_3_256_adam_bert_t2,0.4,0.09677756356073053,0.9032224364392695,0.0,0.2264714382044119,0.5211704721791177,0.31573999462798813,0.02232816996381526,0.09859154929577464,0.035717097507345585
model_3_256_adam_bert_t2,0.5,0.06832363025082389,0.9316763697491761,0.0006743088334457181,0.2738536749831423,0.3601197073819552,0.31111749497270896,0.015428376055388297,0.056338028169014086,0.023881169043937722
model_3_256_adam_bert_t2,0.6,0.05138993095457438,0.9486100690454257,0.01786918408631153,0.3482805124747134,0.22899578807359788,0.2763140296910526,0.009810718661259533,0.028169014084507043,0.014514007752462471
model_3_256_adam_bert_t2,0.7,0.05138993095457438,0.9486100690454257,0.01786918408631153,0.3482805124747134,0.22899578807359788,0.2763140296910526,0.009810718661259533,0.028169014084507043,0.014514007752462471
model_3_256_adam_bert_t2,0.8,0.05138993095457438,0.9486100690454257,0.01786918408631153,0.3482805124747134,0.22899578807359788,0.2763140296910526,0.009810718661259533,0.028169014084507043,0.014514007752462471
model_3_256_adam_bert_t2,0.9,0.05138993095457438,0.9486100690454257,0.01786918408631153,0.3482805124747134,0.22899578807359788,0.2763140296910526,0.009810718661259533,0.028169014084507043,0.014514007752462471
