model,threshold,hamming_loss,term_wise_accuracy,accuracy,micro_precision,micro_recall,micro_f1,macro_precision,macro_recall,macro_f1
model_4_192_adam_bert_t1,0.1,0.432222464931192,0.567777535068808,0.0,0.08112139602362124,0.8800709377078253,0.14855004677268477,0.0377043108278803,0.4647887323943662,0.06491516325651485
model_4_192_adam_bert_t1,0.2,0.2084089160722935,0.7915910839277065,0.0,0.13264919082939985,0.6977388605630681,0.22291865859272636,0.02989277539817462,0.22535211267605634,0.04985715087037273
model_4_192_adam_bert_t1,0.3,0.11928618236729888,0.8807138176327012,0.0,0.19847156664418972,0.5872312125914432,0.29667375965953635,0.02515836760278461,0.1267605633802817,0.04083714734182293
model_4_192_adam_bert_t1,0.4,0.1073670614380823,0.8926329385619177,0.0,0.21367161159811193,0.5619596541786743,0.309618320610687,0.024075674546266135,0.11267605633802817,0.03882633481481366
model_4_192_adam_bert_t1,0.5,0.09677756356073053,0.9032224364392695,0.0,0.2264714382044119,0.5211704721791177,0.31573999462798813,0.02232816996381526,0.09859154929577464,0.035717097507345585
model_4_192_adam_bert_t1,0.6,0.0771751208532381,0.9228248791467619,0.00033715441672285906,0.25623735670937287,0.4211926402128131,0.3186315612946503,0.01804488427530795,0.07042253521126761,0.028294341281800497
model_4_192_adam_bert_t1,0.7,0.0771751208532381,0.9228248791467619,0.00033715441672285906,0.25623735670937287,0.4211926402128131,0.3186315612946503,0.01804488427530795,0.07042253521126761,0.028294341281800497
model_4_192_adam_bert_t1,0.8,0.0771751208532381,0.9228248791467619,0.00033715441672285906,0.25623735670937287,0.4211926402128131,0.3186315612946503,0.01804488427530795,0.07042253521126761,0.028294341281800497
model_4_192_adam_bert_t1,0.9,0.0771751208532381,0.9228248791467619,0.00033715441672285906,0.25623735670937287,0.4211926402128131,0.3186315612946503,0.01804488427530795,0.07042253521126761,0.028294341281800497
