model,threshold,hamming_loss,term_wise_accuracy,accuracy,micro_precision,micro_recall,micro_f1,macro_precision,macro_recall,macro_f1
model_3_256_adam_xlnet_t2,0.1,0.32470344657289657,0.6752965534271034,0.0,0.09975724881995954,0.8198847262247838,0.17787236089068437,0.035125791838013926,0.352112676056338,0.05988356157422569
model_3_256_adam_xlnet_t2,0.2,0.16903307912206889,0.8309669208779311,0.0,0.1554022511541055,0.66415428951452,0.25187053383774693,0.028453933309906643,0.18309859154929578,0.04706272097099864
model_3_256_adam_xlnet_t2,0.3,0.1073670614380823,0.8926329385619177,0.0,0.21367161159811193,0.5619596541786743,0.309618320610687,0.024075674546266135,0.11267605633802817,0.03882633481481366
model_3_256_adam_xlnet_t2,0.4,0.09677756356073053,0.9032224364392695,0.0,0.2264714382044119,0.5211704721791177,0.31573999462798813,0.02232816996381526,0.09859154929577464,0.035717097507345585
model_3_256_adam_xlnet_t2,0.5,0.08644449298623841,0.9135555070137616,0.0,0.24202067880422568,0.4773886056306806,0.32120217764188236,0.020452451729934564,0.08450704225352113,0.032406546908303545
model_3_256_adam_xlnet_t2,0.6,0.06866553332130342,0.9313344666786966,0.00033715441672285906,0.27081928523263654,0.3561294613167812,0.30767020970985354,0.015257424520148537,0.056338028169014086,0.023640468141466794
model_3_256_adam_xlnet_t2,0.7,0.06866553332130342,0.9313344666786966,0.00033715441672285906,0.27081928523263654,0.3561294613167812,0.30767020970985354,0.015257424520148537,0.056338028169014086,0.023640468141466794
model_3_256_adam_xlnet_t2,0.8,0.06866553332130342,0.9313344666786966,0.00033715441672285906,0.27081928523263654,0.3561294613167812,0.30767020970985354,0.015257424520148537,0.056338028169014086,0.023640468141466794
model_3_256_adam_xlnet_t2,0.9,0.06866553332130342,0.9313344666786966,0.00033715441672285906,0.27081928523263654,0.3561294613167812,0.30767020970985354,0.015257424520148537,0.056338028169014086,0.023640468141466794
