model,threshold,hamming_loss,term_wise_accuracy,accuracy,micro_precision,micro_recall,micro_f1,macro_precision,macro_recall,macro_f1
model_6_128_adam_bert_t1,0.1,0.25902956511828895,0.740970434881711,0.0,0.11626770060687795,0.7644646419862559,0.20183781569166837,0.03275146495968393,0.28169014084507044,0.055295352797598264
model_6_128_adam_bert_t1,0.2,0.13225950443049395,0.867740495569506,0.0,0.1825691166554282,0.6001995123032587,0.2799751822553126,0.025713960092313828,0.14084507042253522,0.04192281581470288
model_6_128_adam_bert_t1,0.3,0.11980853428053147,0.8801914657194685,0.0,0.19641117854199447,0.5811350033252051,0.29359390749244035,0.024897191646168312,0.1267605633802817,0.04037881631740039
model_6_128_adam_bert_t1,0.4,0.09703399086359017,0.9029660091364098,0.0,0.22517098545419517,0.5181777876302373,0.31392694063926946,0.02219995631238544,0.09859154929577464,0.035515784215771624
model_6_128_adam_bert_t1,0.5,0.08644449298623841,0.9135555070137616,0.0,0.24202067880422568,0.4773886056306806,0.32120217764188236,0.020452451729934564,0.08450704225352113,0.032406546908303545
model_6_128_adam_bert_t1,0.6,0.05138993095457438,0.9486100690454257,0.01786918408631153,0.3482805124747134,0.22899578807359788,0.2763140296910526,0.009810718661259533,0.028169014084507043,0.014514007752462471
model_6_128_adam_bert_t1,0.7,0.05138993095457438,0.9486100690454257,0.01786918408631153,0.3482805124747134,0.22899578807359788,0.2763140296910526,0.009810718661259533,0.028169014084507043,0.014514007752462471
model_6_128_adam_bert_t1,0.8,0.05138993095457438,0.9486100690454257,0.01786918408631153,0.3482805124747134,0.22899578807359788,0.2763140296910526,0.009810718661259533,0.028169014084507043,0.014514007752462471
model_6_128_adam_bert_t1,0.9,0.05138993095457438,0.9486100690454257,0.01786918408631153,0.3482805124747134,0.22899578807359788,0.2763140296910526,0.009810718661259533,0.028169014084507043,0.014514007752462471
