model,threshold,hamming_loss,term_wise_accuracy,accuracy,micro_precision,micro_recall,micro_f1,macro_precision,macro_recall,macro_f1
model_2_384_adam_bert_t1,0.1,0.3249598738757562,0.6750401261242438,0.0,0.09939312204989885,0.8168920416759033,0.17722310392920693,0.0349975781865841,0.352112676056338,0.05964346467492639
model_2_384_adam_bert_t1,0.2,0.13186061751493452,0.8681393824850655,0.0,0.1839851652056642,0.6048547993792951,0.28214673491546455,0.02591340355009355,0.14084507042253522,0.04227038677844265
model_2_384_adam_bert_t1,0.3,0.1073670614380823,0.8926329385619177,0.0,0.21367161159811193,0.5619596541786743,0.309618320610687,0.024075674546266135,0.11267605633802817,0.03882633481481366
model_2_384_adam_bert_t1,0.4,0.1073670614380823,0.8926329385619177,0.0,0.21367161159811193,0.5619596541786743,0.309618320610687,0.024075674546266135,0.11267605633802817,0.03882633481481366
model_2_384_adam_bert_t1,0.5,0.07865670082531602,0.9213432991746839,0.0,0.24571813890761968,0.4039015739303924,0.3055508971993962,0.017304094289268993,0.07042253521126761,0.02719171964297976
model_2_384_adam_bert_t1,0.6,0.059899518486509075,0.9401004815134909,0.0020229265003371545,0.2981568891885817,0.2940589669696298,0.29609375,0.012598178416418946,0.04225352112676056,0.019167880892796176
model_2_384_adam_bert_t1,0.7,0.059899518486509075,0.9401004815134909,0.0020229265003371545,0.2981568891885817,0.2940589669696298,0.29609375,0.012598178416418946,0.04225352112676056,0.019167880892796176
model_2_384_adam_bert_t1,0.8,0.059899518486509075,0.9401004815134909,0.0020229265003371545,0.2981568891885817,0.2940589669696298,0.29609375,0.012598178416418946,0.04225352112676056,0.019167880892796176
model_2_384_adam_bert_t1,0.9,0.059899518486509075,0.9401004815134909,0.0020229265003371545,0.2981568891885817,0.2940589669696298,0.29609375,0.012598178416418946,0.04225352112676056,0.019167880892796176
